{"schemaVersion":"1.0","appDefinitionTemplate":{"id":"/providers/Microsoft.PowerApps/apps/","type":"Microsoft.PowerApps/apps","tags":{"primaryDeviceWidth":"1366","primaryDeviceHeight":"768","supportsPortrait":"true","supportsLandscape":"true","primaryFormFactor":"Tablet","showStatusBar":"false","publisherVersion":"3.24032.26","minimumRequiredApiVersion":"2.2.0","hasComponent":"true","hasUnlockedComponent":"true","isUnifiedRootApp":"false","sienaVersion":"20240325T130815Z-3.24032.26.0"},"properties":{"appVersion":"2024-03-25T13:08:15Z","lifeCycleId":"Published","createdByClientVersion":{"major":3,"minor":24032,"build":26,"revision":0,"majorRevision":0,"minorRevision":0},"minClientVersion":{"major":3,"minor":24032,"build":26,"revision":0,"majorRevision":0,"minorRevision":0},"backgroundColor":"RGBA(0,176,240,1)","backgroundImageUri":"/17859282689231042750/N1fe5683e-c353-43d6-bd66-665a4d9566e0-logoSmallFile","displayName":"Light dark mode toggle","description":"","commitMessage":"","appUris":{"documentUri":{"value":"/17859282689231042750/N8bd9bafd-e102-4f0d-b78f-7e6ab25b7f6c-document.msapp"},"imageUris":[],"additionalUris":[{"isSolutionAware":false,"value":"/17859282689231042750/N7525677d-f700-4d17-a815-1513dd2b9322-identity.json"}]},"createdTime":"0001-01-01T00:00:00Z","lastModifiedTime":"0001-01-01T00:00:00Z","sharedGroupsCount":0,"sharedUsersCount":0,"connectionReferences":{},"databaseReferences":{},"almMode":"Solution","performanceOptimizationEnabled":true,"canConsumeAppPass":true,"enableModernRuntimeMode":false,"executionRestrictions":{"isTeamsOnly":false,"dataLossPreventionEvaluationResult":{"status":"Compliant","lastEvaluationDate":"2024-03-23T15:38:01.257124Z","violations":[],"violationsByPolicy":[],"violationErrorMessage":"The app uses the following connectors: ."}}},"appType":"ClassicCanvasApp","appComponents":[]}}